#node1	node2	node1_string_id	node2_string_id	neighborhood_on_chromosome	gene_fusion	phylogenetic_cooccurrence	homology	coexpression	experimentally_determined_interaction	database_annotated	automated_textmining	combined_score
ABCB1	LGALS3	9606.ENSP00000478255	9606.ENSP00000254301	0	0	0	0	0	0.407	0	0.187	0.498
ABCB1	ACTB	9606.ENSP00000478255	9606.ENSP00000494750	0	0	0	0	0.067	0.051	0	0.588	0.603
ACTB	LGALS3	9606.ENSP00000494750	9606.ENSP00000254301	0	0	0	0	0.059	0	0	0.496	0.506
ACTB	CREBBP	9606.ENSP00000494750	9606.ENSP00000262367	0	0	0	0	0.047	0.077	0	0.535	0.556
ACTB	ACTC1	9606.ENSP00000494750	9606.ENSP00000290378	0	0	0.047	0.986	0.663	0.598	0	0.418	0.914
ACTB	GRIN2C	9606.ENSP00000494750	9606.ENSP00000293190	0	0	0	0	0	0.052	0	0.500	0.506
ACTB	BCL6B	9606.ENSP00000494750	9606.ENSP00000293805	0	0	0	0	0	0.073	0	0.484	0.501
ACTB	NOD2	9606.ENSP00000494750	9606.ENSP00000300589	0	0	0	0	0.055	0.114	0	0.378	0.433
ACTB	CHAT	9606.ENSP00000494750	9606.ENSP00000337103	0	0	0	0	0	0	0	0.430	0.430
ACTB	NLRP3	9606.ENSP00000494750	9606.ENSP00000337383	0	0	0	0	0	0.095	0	0.586	0.610
ACTB	VCP	9606.ENSP00000494750	9606.ENSP00000351777	0	0	0	0	0.087	0.253	0	0.633	0.728
ACTB	ATG5	9606.ENSP00000494750	9606.ENSP00000358072	0	0	0	0	0.047	0.091	0	0.726	0.742
ACTB	BTRC	9606.ENSP00000494750	9606.ENSP00000359206	0	0	0	0	0	0.091	0	0.379	0.411
ACTB	GSN	9606.ENSP00000494750	9606.ENSP00000362924	0	0	0	0	0.063	0.650	0	0.658	0.878
ACTB	ATG16L1	9606.ENSP00000494750	9606.ENSP00000375873	0	0	0	0	0	0.084	0	0.396	0.423
ACTB	RELA	9606.ENSP00000494750	9606.ENSP00000384273	0	0	0	0	0.072	0.103	0	0.607	0.644
ACTB	IL10	9606.ENSP00000494750	9606.ENSP00000412237	0	0	0	0	0	0	0	0.729	0.729
ACTB	ATG12	9606.ENSP00000494750	9606.ENSP00000425107	0	0	0	0	0	0.068	0	0.551	0.564
ACTB	CFL1	9606.ENSP00000494750	9606.ENSP00000432660	0	0	0	0	0.403	0.987	0.900	0.834	0.999
ACTB	IL22	9606.ENSP00000494750	9606.ENSP00000442424	0	0	0	0	0	0	0	0.447	0.447
ACTB	VIM	9606.ENSP00000494750	9606.ENSP00000446007	0	0	0	0	0.156	0.243	0	0.601	0.723
ACTB	CTLA4	9606.ENSP00000494750	9606.ENSP00000497102	0	0	0	0	0	0	0	0.412	0.412
ACTC1	IL23R	9606.ENSP00000290378	9606.ENSP00000321345	0	0	0	0	0	0.431	0	0	0.431
ACTC1	ERBIN	9606.ENSP00000290378	9606.ENSP00000426632	0	0	0	0	0.049	0.095	0.400	0.051	0.444
ACTC1	GSN	9606.ENSP00000290378	9606.ENSP00000362924	0	0	0	0	0.064	0.443	0	0.264	0.583
ACTC1	CFL1	9606.ENSP00000290378	9606.ENSP00000432660	0	0	0	0	0.095	0.679	0	0.248	0.763
ARSB	SIAE	9606.ENSP00000264914	9606.ENSP00000263593	0	0	0	0	0.042	0.483	0	0.273	0.608
ATG12	RB1CC1	9606.ENSP00000425107	9606.ENSP00000025008	0	0	0	0	0.070	0.484	0	0.979	0.989
ATG12	RIPK2	9606.ENSP00000425107	9606.ENSP00000220751	0	0	0	0	0.056	0	0	0.442	0.450
ATG12	RAB33A	9606.ENSP00000425107	9606.ENSP00000257017	0	0	0	0	0	0.593	0	0.225	0.671
ATG12	NOD2	9606.ENSP00000425107	9606.ENSP00000300589	0	0	0	0	0	0	0.900	0.558	0.953
ATG12	RAB33B	9606.ENSP00000425107	9606.ENSP00000306496	0	0	0	0	0.087	0.614	0	0.713	0.890
ATG12	ATG5	9606.ENSP00000425107	9606.ENSP00000358072	0	0	0	0	0.118	0.997	0.900	0.999	0.999
ATG12	OPTN	9606.ENSP00000425107	9606.ENSP00000368022	0	0	0	0	0.094	0	0	0.572	0.595
ATG12	ATG16L1	9606.ENSP00000425107	9606.ENSP00000375873	0	0	0	0	0.042	0.994	0.900	0.999	0.999
ATG12	IRGM	9606.ENSP00000425107	9606.ENSP00000428220	0	0	0	0	0	0.058	0	0.577	0.585
ATG16L1	RB1CC1	9606.ENSP00000375873	9606.ENSP00000025008	0	0	0	0	0.064	0.825	0.900	0.988	0.999
ATG16L1	RIPK2	9606.ENSP00000375873	9606.ENSP00000220751	0	0	0	0	0.053	0.292	0	0.727	0.800
ATG16L1	IL10RA	9606.ENSP00000375873	9606.ENSP00000227752	0	0	0	0	0	0	0	0.507	0.507
ATG16L1	RAB33A	9606.ENSP00000375873	9606.ENSP00000257017	0	0	0	0	0	0.727	0	0.685	0.910
ATG16L1	NOD2	9606.ENSP00000375873	9606.ENSP00000300589	0	0	0	0	0.044	0.625	0.900	0.999	0.999
ATG16L1	RAB33B	9606.ENSP00000375873	9606.ENSP00000306496	0	0	0	0	0	0.983	0.900	0.991	0.999
ATG16L1	IL23R	9606.ENSP00000375873	9606.ENSP00000321345	0	0	0	0	0	0	0	0.669	0.669
ATG16L1	ATP6V0C	9606.ENSP00000375873	9606.ENSP00000329757	0	0	0	0	0	0	0	0.549	0.549
ATG16L1	NLRP3	9606.ENSP00000375873	9606.ENSP00000337383	0	0	0	0	0.044	0.045	0	0.671	0.673
ATG16L1	ATG5	9606.ENSP00000375873	9606.ENSP00000358072	0	0	0	0	0.122	0.999	0.900	0.999	0.999
ATG16L1	OPTN	9606.ENSP00000375873	9606.ENSP00000368022	0	0	0	0	0	0.292	0	0.582	0.691
ATG16L1	IL10	9606.ENSP00000375873	9606.ENSP00000412237	0	0	0	0	0	0	0	0.445	0.445
ATG16L1	IRF5	9606.ENSP00000375873	9606.ENSP00000418037	0	0	0	0	0	0	0	0.449	0.449
ATG16L1	IRGM	9606.ENSP00000375873	9606.ENSP00000428220	0	0	0	0	0	0.292	0	0.960	0.970
ATG5	RB1CC1	9606.ENSP00000358072	9606.ENSP00000025008	0	0	0	0	0.104	0.619	0	0.920	0.970
ATG5	RIPK2	9606.ENSP00000358072	9606.ENSP00000220751	0	0	0	0	0.052	0.086	0	0.575	0.599
ATG5	RAB33A	9606.ENSP00000358072	9606.ENSP00000257017	0	0	0	0	0	0.631	0	0.215	0.698
ATG5	NOD2	9606.ENSP00000358072	9606.ENSP00000300589	0	0	0	0	0	0	0.900	0.689	0.967
ATG5	RAB33B	9606.ENSP00000358072	9606.ENSP00000306496	0	0	0	0	0.082	0.640	0	0.858	0.949
ATG5	NLRP3	9606.ENSP00000358072	9606.ENSP00000337383	0	0	0	0	0	0	0	0.683	0.683
ATG5	VCP	9606.ENSP00000358072	9606.ENSP00000351777	0	0	0	0	0.094	0.330	0	0.352	0.572
ATG5	OPTN	9606.ENSP00000358072	9606.ENSP00000368022	0	0	0	0	0.061	0.510	0	0.598	0.798
ATG5	IRGM	9606.ENSP00000358072	9606.ENSP00000428220	0	0	0	0	0.105	0.292	0	0.988	0.991
ATP6V0C	SGTA	9606.ENSP00000329757	9606.ENSP00000221566	0	0	0	0	0.110	0.046	0	0.392	0.439
BAHD1	TRIM28	9606.ENSP00000396976	9606.ENSP00000253024	0	0	0	0	0.084	0.292	0	0.473	0.628
BTRC	CREBBP	9606.ENSP00000359206	9606.ENSP00000262367	0	0	0	0	0.074	0	0	0.606	0.620
BTRC	VCP	9606.ENSP00000359206	9606.ENSP00000351777	0	0	0	0	0	0.704	0	0.536	0.856
BTRC	ERBIN	9606.ENSP00000359206	9606.ENSP00000426632	0	0	0	0	0	0.361	0	0.157	0.438
BTRC	RELA	9606.ENSP00000359206	9606.ENSP00000384273	0	0	0	0	0.067	0.600	0.500	0.390	0.871
CARD10	NOD2	9606.ENSP00000384570	9606.ENSP00000300589	0	0	0	0	0.058	0	0	0.487	0.496
CARD10	TRIM27	9606.ENSP00000384570	9606.ENSP00000366404	0	0	0.263	0	0	0.082	0	0.190	0.404
CARD10	GFOD1	9606.ENSP00000384570	9606.ENSP00000368589	0	0	0	0	0	0.454	0	0	0.454
CARD8	RIPK2	9606.ENSP00000499211	9606.ENSP00000220751	0	0	0	0	0	0.067	0	0.658	0.667
CARD8	NOD2	9606.ENSP00000499211	9606.ENSP00000300589	0	0	0	0	0.114	0	0	0.627	0.655
CARD8	NLRP3	9606.ENSP00000499211	9606.ENSP00000337383	0	0.069	0	0	0.081	0.307	0.900	0.976	0.998
CARD8	CEP192	9606.ENSP00000499211	9606.ENSP00000427550	0	0	0	0	0.068	0.421	0	0	0.437
CEP152	CEP170	9606.ENSP00000370337	9606.ENSP00000355500	0	0	0	0	0.060	0	0	0.541	0.550
CEP152	OPTN	9606.ENSP00000370337	9606.ENSP00000368022	0	0	0	0	0	0	0.500	0	0.499
CEP152	IRF5	9606.ENSP00000370337	9606.ENSP00000418037	0	0	0	0	0	0.323	0	0.398	0.575
CEP152	CEP192	9606.ENSP00000370337	9606.ENSP00000427550	0	0	0	0	0.110	0.196	0.540	0.888	0.958
CEP170	INAVA	9606.ENSP00000355500	9606.ENSP00000392105	0	0	0	0	0	0.480	0	0.122	0.525
CEP170	CEP192	9606.ENSP00000355500	9606.ENSP00000427550	0	0	0	0	0.056	0.071	0	0.506	0.529
CEP192	OPTN	9606.ENSP00000427550	9606.ENSP00000368022	0	0	0	0	0.047	0	0.500	0	0.503
CFL1	VCP	9606.ENSP00000432660	9606.ENSP00000351777	0	0	0	0	0.193	0.127	0	0.223	0.405
CFL1	GSN	9606.ENSP00000432660	9606.ENSP00000362924	0	0	0	0	0.059	0	0	0.864	0.867
CREBBP	TRIM28	9606.ENSP00000262367	9606.ENSP00000253024	0	0	0	0	0.067	0.301	0	0.246	0.465
CREBBP	IRF5	9606.ENSP00000262367	9606.ENSP00000418037	0	0	0	0	0	0.668	0	0.185	0.718
CREBBP	RELA	9606.ENSP00000262367	9606.ENSP00000384273	0	0	0	0	0.102	0.991	0.500	0.958	0.999
CTLA4	IL10RA	9606.ENSP00000497102	9606.ENSP00000227752	0	0	0	0	0.158	0	0	0.667	0.708
CTLA4	LGALS3	9606.ENSP00000497102	9606.ENSP00000254301	0	0	0	0	0	0	0	0.844	0.844
CTLA4	IL10RB	9606.ENSP00000497102	9606.ENSP00000290200	0	0	0	0	0.055	0.174	0	0.294	0.400
CTLA4	NOD2	9606.ENSP00000497102	9606.ENSP00000300589	0	0	0	0	0.099	0	0	0.367	0.405
CTLA4	IL23R	9606.ENSP00000497102	9606.ENSP00000321345	0	0	0	0	0.081	0	0	0.444	0.467
CTLA4	RELA	9606.ENSP00000497102	9606.ENSP00000384273	0	0	0	0	0.055	0	0	0.465	0.472
CTLA4	IL10	9606.ENSP00000497102	9606.ENSP00000412237	0	0	0	0	0.119	0	0	0.915	0.922
CTLA4	IRF5	9606.ENSP00000497102	9606.ENSP00000418037	0	0	0	0	0.071	0	0	0.446	0.463
CTLA4	IL22	9606.ENSP00000497102	9606.ENSP00000442424	0	0	0	0	0.137	0	0	0.543	0.588
CTLA4	IL12RB1	9606.ENSP00000497102	9606.ENSP00000470788	0	0	0	0	0.149	0.091	0	0.401	0.496
CYTH1	CYTH3	9606.ENSP00000389095	9606.ENSP00000297044	0	0	0.050	0.981	0.049	0.606	0.500	0.058	0.801
CYTH1	INAVA	9606.ENSP00000389095	9606.ENSP00000392105	0	0	0	0	0	0.726	0	0.395	0.827
CYTH1	CYTH2	9606.ENSP00000389095	9606.ENSP00000493357	0	0	0.049	0.982	0.049	0.607	0.500	0.505	0.896
CYTH2	CYTH3	9606.ENSP00000493357	9606.ENSP00000297044	0	0	0.050	0.980	0	0	0.500	0.059	0.514
CYTH2	INAVA	9606.ENSP00000493357	9606.ENSP00000392105	0	0	0	0	0	0.776	0	0.347	0.847
CYTH3	INAVA	9606.ENSP00000297044	9606.ENSP00000392105	0	0	0	0	0	0.644	0	0.318	0.747
E2F6	RNF2	9606.ENSP00000370936	9606.ENSP00000356480	0	0	0	0	0.055	0.836	0.900	0.746	0.995
ERBIN	NOD2	9606.ENSP00000426632	9606.ENSP00000300589	0	0	0	0	0	0.404	0.900	0.892	0.993
FAM167A	IRF5	9606.ENSP00000284486	9606.ENSP00000418037	0	0	0	0	0	0	0	0.583	0.583
GFOD1	RALGAPB	9606.ENSP00000368589	9606.ENSP00000262879	0	0	0	0	0	0.581	0	0	0.581
GSN	VIM	9606.ENSP00000362924	9606.ENSP00000446007	0	0	0	0	0.107	0	0	0.485	0.520
IL10	IL10RA	9606.ENSP00000412237	9606.ENSP00000227752	0	0	0	0	0.072	0.988	0.900	0.998	0.999
IL10	IL23A	9606.ENSP00000412237	9606.ENSP00000228534	0	0	0	0	0.094	0	0.400	0.727	0.838
IL10	LGALS3	9606.ENSP00000412237	9606.ENSP00000254301	0	0	0	0	0.069	0	0	0.630	0.641
IL10	IL37	9606.ENSP00000412237	9606.ENSP00000263326	0	0	0	0	0	0	0	0.593	0.593
IL10	IL22RA1	9606.ENSP00000412237	9606.ENSP00000270800	0	0	0	0	0	0	0.650	0.747	0.907
IL10	IL10RB	9606.ENSP00000412237	9606.ENSP00000290200	0	0	0	0	0.042	0.975	0.900	0.997	0.999
IL10	IL22RA2	9606.ENSP00000412237	9606.ENSP00000296980	0	0	0	0	0.086	0	0.650	0.370	0.781
IL10	NOD2	9606.ENSP00000412237	9606.ENSP00000300589	0	0	0	0	0.063	0	0	0.694	0.701
IL10	IL23R	9606.ENSP00000412237	9606.ENSP00000321345	0	0	0	0	0.086	0	0.650	0.913	0.970
IL10	NLRP3	9606.ENSP00000412237	9606.ENSP00000337383	0	0	0	0	0.091	0.046	0	0.671	0.690
IL10	RELA	9606.ENSP00000412237	9606.ENSP00000384273	0	0	0	0	0	0	0	0.701	0.701
IL10	IRGM	9606.ENSP00000412237	9606.ENSP00000428220	0	0	0	0	0	0	0	0.559	0.559
IL10	IRF5	9606.ENSP00000412237	9606.ENSP00000418037	0	0	0	0	0.072	0.128	0	0.745	0.775
IL10	IL12RB1	9606.ENSP00000412237	9606.ENSP00000470788	0	0	0	0	0.124	0	0.650	0.768	0.922
IL10	IL22	9606.ENSP00000412237	9606.ENSP00000442424	0	0	0	0	0.125	0	0	0.939	0.944
IL10RA	IRF5	9606.ENSP00000227752	9606.ENSP00000418037	0	0	0	0	0.229	0	0	0.264	0.409
IL10RA	IL23R	9606.ENSP00000227752	9606.ENSP00000321345	0	0	0	0	0.090	0	0	0.479	0.505
IL10RA	IL12RB1	9606.ENSP00000227752	9606.ENSP00000470788	0	0	0	0	0.182	0	0	0.516	0.587
IL10RA	NOD2	9606.ENSP00000227752	9606.ENSP00000300589	0	0	0	0	0.325	0	0	0.448	0.611
IL10RA	IL22RA2	9606.ENSP00000227752	9606.ENSP00000296980	0	0	0	0	0.092	0	0	0.660	0.678
IL10RA	IL23A	9606.ENSP00000227752	9606.ENSP00000228534	0	0	0.200	0	0.072	0	0.650	0.274	0.786
IL10RA	IL22	9606.ENSP00000227752	9606.ENSP00000442424	0	0	0	0	0	0	0.650	0.832	0.938
IL10RA	IL22RA1	9606.ENSP00000227752	9606.ENSP00000270800	0	0	0.225	0	0	0	0	0.971	0.976
IL10RA	IL10RB	9606.ENSP00000227752	9606.ENSP00000290200	0	0	0	0	0.129	0.926	0.900	0.999	0.999
IL10RB	IL23A	9606.ENSP00000290200	9606.ENSP00000228534	0	0	0	0	0	0	0.650	0.265	0.731
IL10RB	IL22RA1	9606.ENSP00000290200	9606.ENSP00000270800	0	0	0	0	0	0.561	0.800	0.999	0.999
IL10RB	IL23R	9606.ENSP00000290200	9606.ENSP00000321345	0	0	0	0	0.087	0	0	0.418	0.445
IL10RB	NOD2	9606.ENSP00000290200	9606.ENSP00000300589	0	0	0	0	0.129	0	0	0.397	0.453
IL10RB	IL12RB1	9606.ENSP00000290200	9606.ENSP00000470788	0	0	0	0	0.113	0	0	0.447	0.488
IL10RB	IL22RA2	9606.ENSP00000290200	9606.ENSP00000296980	0	0	0	0	0.061	0.236	0.500	0.780	0.910
IL10RB	IL22	9606.ENSP00000290200	9606.ENSP00000442424	0	0	0	0	0	0.814	0.900	0.997	0.999
IL12RB1	IL23A	9606.ENSP00000470788	9606.ENSP00000228534	0	0	0	0	0	0.852	0.900	0.916	0.998
IL12RB1	NOD2	9606.ENSP00000470788	9606.ENSP00000300589	0	0	0	0	0.130	0	0	0.499	0.545
IL12RB1	IL23R	9606.ENSP00000470788	9606.ENSP00000321345	0	0	0	0	0.102	0.852	0.900	0.998	0.999
IL12RB1	IL22	9606.ENSP00000470788	9606.ENSP00000442424	0	0	0	0	0.047	0	0.650	0.702	0.891
IL22	IL23A	9606.ENSP00000442424	9606.ENSP00000228534	0	0	0	0	0.061	0	0	0.890	0.892
IL22	IL37	9606.ENSP00000442424	9606.ENSP00000263326	0	0	0	0	0	0	0	0.447	0.447
IL22	IL22RA1	9606.ENSP00000442424	9606.ENSP00000270800	0	0	0	0	0	0.986	0.900	0.998	0.999
IL22	IL22RA2	9606.ENSP00000442424	9606.ENSP00000296980	0	0	0	0	0.061	0.892	0.900	0.969	0.999
IL22	NOD2	9606.ENSP00000442424	9606.ENSP00000300589	0	0	0	0	0.042	0.211	0	0.570	0.647
IL22	IL23R	9606.ENSP00000442424	9606.ENSP00000321345	0	0	0	0	0.088	0	0.650	0.848	0.947
IL22	NLRP3	9606.ENSP00000442424	9606.ENSP00000337383	0	0	0	0	0.044	0	0	0.472	0.473
IL22RA1	IL23A	9606.ENSP00000270800	9606.ENSP00000228534	0	0	0.243	0	0	0	0.650	0.321	0.804
IL22RA1	IL23R	9606.ENSP00000270800	9606.ENSP00000321345	0	0	0	0	0	0	0	0.419	0.418
IL22RA1	IL22RA2	9606.ENSP00000270800	9606.ENSP00000296980	0	0	0.096	0.680	0	0.236	0.500	0.545	0.821
IL22RA2	IL23A	9606.ENSP00000296980	9606.ENSP00000228534	0	0	0	0	0.087	0	0.650	0.160	0.708
IL23A	NOD2	9606.ENSP00000228534	9606.ENSP00000300589	0	0	0	0	0.084	0	0	0.399	0.425
IL23A	IL23R	9606.ENSP00000228534	9606.ENSP00000321345	0	0	0	0	0.093	0.958	0.900	0.905	0.999
IL23R	NOD2	9606.ENSP00000321345	9606.ENSP00000300589	0	0	0	0	0.086	0	0	0.905	0.909
IL23R	IRF5	9606.ENSP00000321345	9606.ENSP00000418037	0	0	0	0	0.057	0.065	0	0.392	0.417
IL23R	IRGM	9606.ENSP00000321345	9606.ENSP00000428220	0	0	0	0	0.062	0	0	0.647	0.655
IL37	NLRP3	9606.ENSP00000263326	9606.ENSP00000337383	0	0	0	0	0	0	0	0.435	0.435
INAVA	SGF29	9606.ENSP00000392105	9606.ENSP00000316114	0	0	0	0	0	0.444	0	0	0.444
INAVA	TRIM27	9606.ENSP00000392105	9606.ENSP00000366404	0	0	0	0	0	0.231	0	0.450	0.559
IRF5	NOD2	9606.ENSP00000418037	9606.ENSP00000300589	0	0	0	0	0.171	0	0	0.476	0.547
IRF5	RELA	9606.ENSP00000418037	9606.ENSP00000384273	0	0	0	0	0.086	0.328	0	0.390	0.593
IRGM	NOD2	9606.ENSP00000428220	9606.ENSP00000300589	0	0	0	0	0.047	0.292	0	0.861	0.898
IRGM	NLRP3	9606.ENSP00000428220	9606.ENSP00000337383	0	0	0	0	0.043	0	0	0.599	0.599
LGALS3	VIM	9606.ENSP00000254301	9606.ENSP00000446007	0	0	0	0	0.150	0.292	0	0.661	0.778
NLRP3	RIPK2	9606.ENSP00000337383	9606.ENSP00000220751	0	0	0	0	0.070	0.100	0	0.848	0.861
NLRP3	NOD2	9606.ENSP00000337383	9606.ENSP00000300589	0	0	0	0.571	0.162	0	0	0.621	0.669
NLRP3	RELA	9606.ENSP00000337383	9606.ENSP00000384273	0	0	0	0	0.049	0.099	0.900	0.353	0.937
NOD2	RIPK2	9606.ENSP00000300589	9606.ENSP00000220751	0	0	0	0	0.134	0.883	0.900	0.999	0.999
NOD2	TRIM27	9606.ENSP00000300589	9606.ENSP00000366404	0	0	0	0	0.058	0.311	0	0.381	0.563
NOD2	RELA	9606.ENSP00000300589	9606.ENSP00000384273	0	0	0	0	0.112	0.331	0	0.370	0.594
NOD2	VIM	9606.ENSP00000300589	9606.ENSP00000446007	0	0	0	0	0.099	0.625	0	0.085	0.663
OPTN	RB1CC1	9606.ENSP00000368022	9606.ENSP00000025008	0	0	0	0	0.074	0.926	0	0.583	0.969
OPTN	VCP	9606.ENSP00000368022	9606.ENSP00000351777	0	0	0	0	0.047	0.213	0	0.762	0.805
OPTN	UBQLN1	9606.ENSP00000368022	9606.ENSP00000365576	0	0	0	0	0.086	0.365	0	0.595	0.744
RAB33A	RAB33B	9606.ENSP00000257017	9606.ENSP00000306496	0	0	0.063	0.954	0	0.584	0.750	0.084	0.898
RAB33B	RB1CC1	9606.ENSP00000306496	9606.ENSP00000025008	0	0	0	0	0.098	0	0	0.390	0.426
RB1CC1	TRIM27	9606.ENSP00000025008	9606.ENSP00000366404	0	0	0	0	0	0.143	0	0.354	0.422
RELA	RIPK2	9606.ENSP00000384273	9606.ENSP00000220751	0	0	0	0	0.135	0.098	0	0.582	0.646
RELA	TRIM28	9606.ENSP00000384273	9606.ENSP00000253024	0	0	0	0	0.189	0.071	0	0.344	0.462
SGTA	UBQLN1	9606.ENSP00000221566	9606.ENSP00000365576	0	0	0	0	0.157	0.109	0	0.348	0.468
SGTA	VCP	9606.ENSP00000221566	9606.ENSP00000351777	0	0	0	0	0.096	0.076	0	0.450	0.500
TRIM27	TRIM28	9606.ENSP00000366404	9606.ENSP00000253024	0	0	0	0	0.127	0	0	0.759	0.781
UBQLN1	VCP	9606.ENSP00000365576	9606.ENSP00000351777	0	0	0	0	0.263	0.496	0	0.843	0.936
VCP	VIM	9606.ENSP00000351777	9606.ENSP00000446007	0	0	0	0	0.044	0.140	0	0.753	0.779
