"AverageShortestPathLength","BetweennessCentrality","ClosenessCentrality","ClusteringCoefficient","Degree","Eccentricity","EdgeCount","Indegree","IsSingleNode","name","NeighborhoodConnectivity","NumberOfDirectedEdges","NumberOfUndirectedEdges","Outdegree","PartnerOfMultiEdgedNodePairs","Radiality","selected","SelfLoops","shared name","Stress","TopologicalCoefficient"
"2.4615384615384617","0.0","0.40625","0.5","4","4","4","0","false","ABCB1","46.25","0","4","4","0","0.9809960681520314","false","0","ABCB1","0","0.5572289156626506"
"1.6","0.008444176923740108","0.625","0.3717948717948718","13","2","13","11","false","LGALS3","47.30769230769231","0","13","2","0","0.9826998689384011","false","0","LGALS3","609","0.5437665782493368"
"1.0","0.30033363162723636","1.0","0.27283653846153844","65","1","65","61","false","STAT3","41.292307692307695","0","65","4","0","0.992005242463958","false","0","STAT3","12358","0.42569389373513083"
"1.1428571428571428","1.1642331954743514","0.875","0.2708074534161491","70","2","70","52","false","IL6","41.25714285714286","0","70","18","0","0.9929226736566187","false","0","IL6","47903","0.4208454810495627"
"1.6111111111111112","0.19245526107146893","0.6206896551724138","0.20795795795795796","37","3","37","1","false","ACTB","35.21621621621622","0","37","36","0","0.9880733944954129","false","0","ACTB","9796","0.37779715199070035"
"1.1290322580645162","0.1569793956559229","0.8857142857142857","0.3000438981562774","68","3","68","13","false","IFNG","43.25","0","68","55","0","0.9923984272608125","false","0","IFNG","13996","0.44587628865979384"
"1.28","0.4102661478622523","0.78125","0.32404371584699454","61","3","61","42","false","IL4","44.90163934426229","0","61","19","0","0.9908256880733944","false","0","IL4","21167","0.48806129722024233"
"1.8888888888888888","0.00919526295572412","0.5294117647058824","0.37362637362637363","14","3","14","2","false","CREBBP","46.357142857142854","0","14","12","0","0.9844036697247707","false","0","CREBBP","745","0.5038819875776398"
"1.4242424242424243","0.09231686881088919","0.7021276595744681","0.3463768115942029","46","3","46","7","false","IFNAR1","48.06521739130435","0","46","39","0","0.9888597640891218","false","0","IFNAR1","7395","0.5224480151228733"
"1.2173913043478262","0.09181091645946429","0.8214285714285714","0.33926553672316384","60","3","60","5","false","IFNA1","45.85","0","60","55","0","0.990694626474443","false","0","IFNA1","8509","0.4983695652173913"
"1.4285714285714286","0.26941760350034494","0.7","0.3418131359851989","47","3","47","22","false","IL18","46.0","0","47","25","0","0.9897771952817824","false","0","IL18","12441","0.46938775510204084"
"2.2","0.0028424684387987134","0.45454545454545453","0.15","5","3","5","1","false","ACTC1","21.0","0","5","4","0","0.9788990825688074","false","0","ACTC1","116","0.31212121212121213"
"0.0","0.0","0.0","0.0","1","0","1","1","false","GRIN2C","37.0","0","1","0","0","0.97391874180865","false","0","GRIN2C","0","0.0"
"0.0","0.0","0.0","0.0","1","0","1","1","false","BCL6B","37.0","0","1","0","0","0.97391874180865","false","0","BCL6B","0","0.0"
"1.1830985915492958","0.08529759785857749","0.8452380952380952","0.32443151771549444","62","3","62","3","false","CSF2","44.82258064516129","0","62","59","0","0.990956749672346","false","0","CSF2","6541","0.48720196353436185"
"1.3333333333333333","0.4998588989561935","0.75","0.26559714795008915","34","2","34","28","false","NOD2","39.294117647058826","0","34","6","0","0.9889908256880734","false","0","NOD2","19271","0.39294117647058824"
"1.2173913043478262","0.17484074911042882","0.8214285714285714","0.336937463471654","59","3","59","22","false","IL13","45.71186440677966","0","59","37","0","0.9905635648754916","false","0","IL13","15902","0.4968680913780398"
"0.0","0.0","0.0","0.0","1","0","1","1","false","CHAT","37.0","0","1","0","0","0.97391874180865","false","0","CHAT","0","0.0"
"1.5","0.13403912039973012","0.6666666666666666","0.35144927536231885","24","2","24","19","false","NLRP3","44.75","0","24","5","0","0.9865006553079947","false","0","NLRP3","3203","0.4661458333333333"
"1.0","0.04816938498131162","1.0","0.125","8","1","8","7","false","VCP","11.5","0","8","1","0","0.9773263433813894","false","0","VCP","691","0.22549019607843138"
"1.0","0.34374783277957854","1.0","0.2867063492063492","64","1","64","59","false","STAT1","42.34375","0","64","5","0","0.992005242463958","false","0","STAT1","12911","0.4363724226804124"
"1.875","0.014939269604621018","0.5333333333333333","0.3906122448979592","50","4","50","44","false","IL6R","49.08","0","50","6","0","0.9878112712975098","false","0","IL6R","3029","0.5577272727272727"
"1.8115942028985508","0.010608644199503352","0.5519999999999999","0.238562091503268","18","3","18","3","false","ATG5","30.88888888888889","0","18","15","0","0.9858453473132371","false","0","ATG5","474","0.31844215349369986"
"2.22972972972973","0.0026546041454298328","0.4484848484848485","0.11904761904761904","7","3","7","1","false","BTRC","23.571428571428573","0","7","6","0","0.9795543905635647","false","0","BTRC","85","0.34754797441364604"
"2.1538461538461537","0.008034264787577733","0.4642857142857143","0.3","6","4","6","3","false","GSN","30.166666666666668","0","6","3","0","0.980602883355177","false","0","GSN","229","0.3770833333333333"
"1.328358208955224","0.07535123581932553","0.7528089887640449","0.35014513788098695","53","3","53","6","false","IFNA2","46.943396226415096","0","53","47","0","0.9885976408912189","false","0","IFNA2","7122","0.5215932914046122"
"1.21875","0.12218300173231555","0.8205128205128205","0.3207297726070862","62","3","62","11","false","IFNB1","44.774193548387096","0","62","51","0","0.991480996068152","false","0","IFNB1","11808","0.46639784946236557"
"1.8055555555555556","0.02130803926540571","0.5538461538461539","0.2134502923976608","19","3","19","2","false","ATG16L1","29.42105263157895","0","19","17","0","0.9855832241153343","false","0","ATG16L1","739","0.3091412742382271"
"1.2857142857142858","0.07979647419424943","0.7777777777777777","0.3507692307692308","26","2","26","21","false","RELA","46.07692307692308","0","26","5","0","0.9863695937090432","false","0","RELA","3878","0.49545078577336643"
"1.1666666666666667","0.14134006094362594","0.8571428571428571","0.3195084485407066","63","3","63","17","false","IL10","44.63492063492063","0","63","46","0","0.991743119266055","false","0","IL10","14668","0.4601538209785632"
"2.5342465753424657","0.007619775739041793","0.3945945945945946","0.25555555555555554","10","4","10","1","false","ATG12","15.6","0","10","9","0","0.9796854521625165","false","0","ATG12","317","0.26"
"0.0","0.0","0.0","0.3249561659848042","59","0","59","59","false","TYK2","44.86440677966102","0","59","0","0","0.9893840104849279","false","0","TYK2","0","0.4984934086629002"
"2.0","0.004374823115098882","0.5","0.2619047619047619","7","4","7","2","false","CFL1","31.571428571428573","0","7","5","0","0.981389252948886","false","0","CFL1","167","0.3758503401360544"
"1.3055555555555556","0.1988853167158244","0.7659574468085106","0.35213032581453635","57","3","57","31","false","IL22","46.73684210526316","0","57","26","0","0.9900393184796854","false","0","IL22","16385","0.5135916714864083"
"0.0","0.0","0.0","0.26785714285714285","8","0","8","8","false","VIM","37.125","0","8","0","0","0.9836173001310616","false","0","VIM","0","0.40796703296703296"
"1.5142857142857142","0.008510770510475432","0.6603773584905661","0.4091591591591592","37","3","37","2","false","CTLA4","50.0","0","37","35","0","0.9876802096985583","false","0","CTLA4","835","0.5434782608695652"
"1.5","0.3770957694286847","0.6666666666666666","0.3108173076923077","65","3","65","58","false","JAK1","43.707692307692305","0","65","7","0","0.9901703800786369","false","0","JAK1","12651","0.4856410256410256"
"1.3255813953488371","0.09626622697921733","0.7543859649122807","0.3673469387755102","49","3","49","19","false","IL17A","47.61224489795919","0","49","30","0","0.9892529488859765","false","0","IL17A","9502","0.5175244010647737"
"1.4516129032258065","0.2116073248119103","0.6888888888888889","0.34448979591836737","50","3","50","32","false","IL23R","47.2","0","50","18","0","0.9893840104849279","false","0","IL23R","12809","0.5184615384615384"
"1.7","0.005279948654056706","0.5882352941176471","0.1","5","2","5","2","false","ERBIN","34.0","0","5","3","0","0.9820445609436436","false","0","ERBIN","172","0.4148148148148148"
"1.5","0.06718542389023471","0.6666666666666666","0.3","6","2","6","5","false","RB1CC1","10.833333333333334","0","6","1","0","0.9758846657929225","false","0","RB1CC1","858","0.367816091954023"
"1.8333333333333333","0.002039524665214483","0.5454545454545455","0.36363636363636365","12","2","12","11","false","RIPK2","37.333333333333336","0","12","1","0","0.9838794233289645","false","0","RIPK2","182","0.42424242424242425"
"2.5","0.0","0.4","0.5","4","4","4","3","false","RAB33A","13.0","0","4","1","0","0.9730013106159896","false","0","RAB33A","0","0.5652173913043478"
"2.0","0.02522935779816514","0.5","0.45","5","3","5","4","false","RAB33B","11.4","0","5","1","0","0.97391874180865","false","0","RAB33B","297","0.475"
"1.6666666666666667","0.10762119152791935","0.6","0.16071428571428573","8","3","8","5","false","OPTN","9.125","0","8","3","0","0.9756225425950197","false","0","OPTN","1436","0.2765151515151515"
"1.7272727272727273","0.010423745495918492","0.5789473684210527","0.3076923076923077","13","2","13","10","false","IRGM","41.30769230769231","0","13","3","0","0.9837483617300131","false","0","IRGM","768","0.47480106100795755"
"1.2884615384615385","0.10680354669784756","0.7761194029850745","0.36716791979949875","57","3","57","19","false","IL10RA","47.421052631578945","0","57","38","0","0.99043250327654","false","0","IL10RA","13191","0.5099037917374081"
"2.0","0.005351681957186545","0.5","0.0","2","3","2","1","false","ATP6V0C","11.0","0","2","1","0","0.9719528178243776","false","0","ATP6V0C","63","0.5"
"1.4615384615384615","0.13763923888543197","0.6842105263157895","0.3580645161290323","31","2","31","24","false","IRF5","47.096774193548384","0","31","7","0","0.9872870249017038","false","0","IRF5","3452","0.5006863417982155"
"1.3333333333333333","0.02395514780835882","0.75","0.16666666666666666","3","2","3","1","false","SGTA","4.666666666666667","0","3","2","0","0.9688073394495412","false","0","SGTA","282","0.43333333333333335"
"1.0","0.0","1.0","0.0","1","1","1","0","false","BAHD1","6.0","0","1","1","0","0.9678899082568807","false","0","BAHD1","0","0.0"
"0.0","0.0","0.0","0.2","6","0","6","6","false","TRIM28","29.166666666666668","0","6","0","0","0.9820445609436436","false","0","TRIM28","0","0.37445887445887444"
"1.5","0.0047308077579572665","0.6666666666666666","0.31157635467980294","29","2","29","26","false","PRLR","51.10344827586207","0","29","3","0","0.9844036697247707","false","0","PRLR","1325","0.6227922624053827"
"1.9166666666666667","0.0","0.5217391304347826","0.16666666666666666","3","3","3","0","false","CARD10","13.666666666666666","0","3","3","0","0.9766710353866318","false","0","CARD10","0","0.3508771929824561"
"1.0","0.073101572826179","1.0","0.05","5","1","5","4","false","TRIM27","11.0","0","5","1","0","0.9779816513761469","false","0","TRIM27","961","0.23636363636363636"
"1.0","0.007475365273530411","1.0","0.0","2","1","2","1","false","GFOD1","2.0","0","2","1","0","0.9627785058977719","false","0","GFOD1","88","0.5"
"2.108695652173913","0.0","0.4742268041237113","0.3333333333333333","6","3","6","0","false","CARD8","31.833333333333332","0","6","6","0","0.981651376146789","false","0","CARD8","0","0.405982905982906"
"2.4285714285714284","0.052879714576962285","0.411764705882353","0.16666666666666666","4","4","4","3","false","CEP192","5.25","0","4","1","0","0.9716906946264745","false","0","CEP192","665","0.3125"
"2.1363636363636362","0.0","0.46808510638297873","0.16666666666666666","4","3","4","0","false","CEP152","11.5","0","4","4","0","0.9762778505897772","false","0","CEP152","0","0.28125"
"2.4","0.01645146675727717","0.4166666666666667","0.16666666666666666","3","4","3","1","false","CEP170","4.666666666666667","0","3","2","0","0.964875491480996","false","0","CEP170","249","0.43333333333333335"
"1.3333333333333333","0.060878921735190876","0.75","0.1","6","2","6","4","false","INAVA","3.0","0","6","2","0","0.9656618610747052","false","0","INAVA","772","0.2777777777777778"
"1.0","0.001995779662064066","1.0","0.38597560975609757","41","1","41","40","false","STAT4","48.58536585365854","0","41","1","0","0.9865006553079947","false","0","STAT4","166","0.5649461145774248"
"1.5972222222222223","0.0","0.6260869565217391","0.36989247311827955","31","3","31","0","false","CNTFR","51.03225806451613","0","31","31","0","0.9841415465268676","false","0","CNTFR","0","0.6379032258064516"
"1.5","0.09778997749878207","0.6666666666666666","0.3572938689217759","44","3","44","27","false","IL23A","47.68181818181818","0","44","17","0","0.9878112712975098","false","0","IL23A","8613","0.5480668756530825"
"1.4285714285714286","0.05672430002448119","0.7","0.34843205574912894","42","3","42","12","false","IL12B","46.73809523809524","0","42","30","0","0.9861074705111402","false","0","IL12B","6149","0.55640589569161"
"1.6666666666666667","0.027648230328349187","0.6","0.3974630021141649","44","3","44","33","false","IL27RA","49.90909090909091","0","44","11","0","0.9863695937090432","false","0","IL27RA","5325","0.6013143483023001"
"1.7857142857142858","0.05526960058275449","0.5599999999999999","0.3819607843137255","51","4","51","44","false","IL9","48.450980392156865","0","51","7","0","0.9874180865006553","false","0","IL9","4903","0.576797385620915"
"1.6166666666666667","0.01639962824260239","0.6185567010309279","0.35135135135135137","37","4","37","8","false","IFNK","46.567567567567565","0","37","29","0","0.9847968545216251","false","0","IFNK","3306","0.5820945945945946"
"1.46","0.04331475084973148","0.684931506849315","0.3544871794871795","40","3","40","11","false","IL12A","47.6","0","40","29","0","0.9859764089121887","false","0","IL12A","5606","0.5666666666666667"
"1.2881355932203389","0.052116791471813924","0.7763157894736843","0.3672077922077922","56","3","56","12","false","IFNL1","47.160714285714285","0","56","44","0","0.9883355176933158","false","0","IFNL1","7932","0.5548319327731093"
"1.3793103448275863","0.03708650183162191","0.725","0.3862745098039216","51","3","51","13","false","IFNL2","47.76470588235294","0","51","38","0","0.9872870249017038","false","0","IFNL2","6255","0.5754783841247342"
"1.725","0.05297224582366252","0.5797101449275363","0.289247311827957","31","4","31","13","false","IL20","44.516129032258064","0","31","18","0","0.9837483617300131","false","0","IL20","5667","0.5634953042057983"
"1.456140350877193","0.0306017321889925","0.6867469879518072","0.3753623188405797","46","3","46","13","false","IFNL3","46.93478260869565","0","46","33","0","0.9866317169069463","false","0","IFNL3","5250","0.5654793085385018"
"1.7037037037037037","0.026404594535794964","0.5869565217391304","0.2923387096774194","32","4","32","9","false","IFNW1","44.0625","0","32","23","0","0.9826998689384011","false","0","IFNW1","4178","0.6205985915492958"
"1.4179104477611941","0.02969634699010354","0.7052631578947368","0.36717171717171715","45","3","45","4","false","IFNA13","47.71111111111111","0","45","41","0","0.9863695937090432","false","0","IFNA13","3794","0.5818428184281843"
"1.5555555555555556","0.015415857228250342","0.6428571428571428","0.35135135135135137","37","4","37","5","false","IFNE","46.567567567567565","0","37","32","0","0.9847968545216251","false","0","IFNE","3097","0.5820945945945946"
"1.4634146341463414","0.112354470816278","0.6833333333333333","0.37465309898242366","47","3","47","23","false","IL19","47.638297872340424","0","47","24","0","0.9865006553079947","false","0","IL19","8432","0.5809548521017125"
"1.5333333333333334","0.0771089121280827","0.6521739130434783","0.38475177304964536","48","3","48","32","false","IL24","48.270833333333336","0","48","16","0","0.9868938401048494","false","0","IL24","7712","0.5815763052208835"
"1.6470588235294117","0.04313431632421731","0.6071428571428572","0.3850267379679144","34","3","34","14","false","IL11RA","50.1764705882353","0","34","20","0","0.984534731323722","false","0","IL11RA","5813","0.6272058823529412"
"1.8666666666666667","0.015821531280749757","0.5357142857142857","0.4014396456256921","43","4","43","37","false","IL6ST","50.116279069767444","0","43","6","0","0.9862385321100918","false","0","IL6ST","3181","0.6038105912020174"
"1.5769230769230769","0.059885358137262014","0.6341463414634146","0.3940795559666975","47","3","47","34","false","IL2RB","49.61702127659574","0","47","13","0","0.9868938401048494","false","0","IL2RB","6937","0.5977954370674186"
"1.7307692307692308","0.043223790753141526","0.5777777777777777","0.435632183908046","30","3","30","21","false","IL26","51.833333333333336","0","30","9","0","0.9849279161205767","false","0","IL26","2260","0.6098039215686275"
"2.0","0.006818967644282292","0.5","0.3719758064516129","32","4","32","28","false","IL9R","51.8125","0","32","4","0","0.984534731323722","false","0","IL9R","1615","0.6396604938271605"
"1.5106382978723405","0.056689948289920286","0.6619718309859155","0.4090909090909091","45","3","45","20","false","IL12RB2","50.68888888888889","0","45","25","0","0.9865006553079947","false","0","IL12RB2","8051","0.6107095046854083"
"1.9230769230769231","0.0","0.52","0.5","11","3","11","7","false","IL37","56.81818181818182","0","11","4","0","0.9812581913499345","false","0","IL37","0","0.7284382284382285"
"1.6176470588235294","0.0397317746497684","0.6181818181818182","0.39957716701902746","44","3","44","29","false","IL22RA1","49.75","0","44","15","0","0.9863695937090432","false","0","IL22RA1","6259","0.5993975903614458"
"1.392156862745098","0.09340830903209119","0.7183098591549296","0.38235294117647056","51","3","51","19","false","IL10RB","48.588235294117645","0","51","32","0","0.9887287024901704","false","0","IL10RB","11915","0.5584854631507775"
"1.7272727272727273","0.03292982038243021","0.5789473684210527","0.3833570412517781","38","3","38","27","false","IL22RA2","50.60526315789474","0","38","11","0","0.9853211009174312","false","0","IL22RA2","5614","0.6247563352826511"
"1.6756756756756757","0.03544539681811364","0.5967741935483871","0.39264264264264265","37","3","37","23","false","IL20RB","50.7027027027027","0","37","14","0","0.9851900393184796","false","0","IL20RB","5754","0.6259592926259593"
"1.5714285714285714","0.043876628424251926","0.6363636363636364","0.3942307692307692","40","3","40","14","false","IFNLR1","49.85","0","40","26","0","0.9858453473132371","false","0","IFNLR1","5743","0.6006024096385543"
"1.5116279069767442","0.047606648712714424","0.6615384615384615","0.40606060606060607","45","3","45","22","false","IL13RA1","49.75555555555555","0","45","23","0","0.9862385321100918","false","0","IL13RA1","6815","0.6142661179698217"
"1.5538461538461539","0.00999065249531196","0.6435643564356436","0.37936507936507935","36","3","36","5","false","IFNAR2","51.083333333333336","0","36","31","0","0.9855832241153343","false","0","IFNAR2","1186","0.6081349206349206"
"1.7619047619047619","0.054829186264328575","0.5675675675675675","0.34475806451612906","32","3","32","19","false","IL13RA2","49.21875","0","32","13","0","0.9840104849279161","false","0","IL13RA2","5710","0.6230221518987342"
"1.3114754098360655","0.05444876324957635","0.7625000000000001","0.37631027253668764","54","3","54","10","false","IFNGR1","47.907407407407405","0","54","44","0","0.9882044560943642","false","0","IFNGR1","6387","0.5570628768303187"
"1.4583333333333333","0.07291388847638501","0.6857142857142857","0.3987049028677151","47","3","47","20","false","IL12RB1","50.06382978723404","0","47","27","0","0.9882044560943642","false","0","IL12RB1","9892","0.5754463193934948"
"1.6153846153846154","0.04830712168289656","0.6190476190476191","0.3923076923076923","40","3","40","23","false","IL20RA","50.225","0","40","17","0","0.9855832241153343","false","0","IL20RA","6450","0.6200617283950617"
"1.5405405405405406","0.04791479797110595","0.6491228070175439","0.4028677150786309","47","3","47","28","false","IL21R","49.93617021276596","0","47","19","0","0.9867627785058978","false","0","IL21R","7682","0.6016406049730838"
"1.6521739130434783","0.03776138506185249","0.6052631578947368","0.39387755102040817","50","3","50","40","false","IL4R","49.12","0","50","10","0","0.9872870249017038","false","0","IL4R","6300","0.5847619047619048"
"1.5185185185185186","0.06902905937597191","0.6585365853658536","0.3894542090656799","47","3","47","32","false","IL2RA","49.319148936170215","0","47","15","0","0.9868938401048494","false","0","IL2RA","8019","0.5871327254305978"
"1.8181818181818181","0.01825285337685307","0.55","0.40350877192982454","39","3","39","32","false","IL5RA","49.743589743589745","0","39","7","0","0.9849279161205767","false","0","IL5RA","2982","0.6296656929568322"
"1.6666666666666667","0.0","0.6","0.5","3","3","3","0","false","CYTH1","4.0","0","3","3","0","0.9517693315858454","false","0","CYTH1","0","0.6666666666666666"
"2.0","0.0","0.5","0.5","3","3","3","2","false","CYTH3","4.0","0","3","1","0","0.9517693315858454","false","0","CYTH3","0","0.6666666666666666"
"1.8","0.0","0.5555555555555556","0.5","3","3","3","1","false","CYTH2","4.0","0","3","2","0","0.9517693315858454","false","0","CYTH2","0","0.6666666666666666"
"1.7142857142857142","0.0","0.5833333333333334","0.0","2","2","2","0","false","E2F6","32.5","0","2","2","0","0.9781127129750983","false","0","E2F6","0","0.5"
"0.0","0.0","0.0","0.0","1","0","1","1","false","RNF2","2.0","0","1","0","0","0.9639580602883354","false","0","RNF2","0","0.0"
"2.2857142857142856","0.0","0.4375","0.5","2","3","2","0","false","FAM167A","36.0","0","2","2","0","0.9753604193971167","false","0","FAM167A","0","0.782608695652174"
"2.076923076923077","0.0","0.48148148148148145","0.5","3","4","3","0","false","FGFR3","64.66666666666667","0","3","3","0","0.9798165137614678","false","0","FGFR3","0","0.8398268398268398"
"0.0","0.0","0.0","0.0","1","0","1","1","false","RALGAPB","2.0","0","1","0","0","0.9486238532110091","false","0","RALGAPB","0","0.0"
"1.5","0.24426605504587157","0.6666666666666666","0.16666666666666666","4","2","4","3","false","UBQLN1","22.25","0","4","1","0","0.980602883355177","false","0","UBQLN1","7984","0.27848101265822783"
"0.0","0.0","0.0","0.0","1","0","1","1","false","SGF29","6.0","0","1","0","0","0.9515072083879423","false","0","SGF29","0","0.0"
